{
  "base_checkpoint": {
    "missing_keys": [],
    "mtime_ns": 1784121599000000000,
    "parameter_count": 1489821760,
    "path": "/workspace/yuhang/minwm/ckpts/Wan21/Action2V/ar_diffusion_tf/model.pt",
    "prope_layers": 30,
    "sampled_tensor_equality": [
      "model.patch_embedding.weight",
      "model.blocks.0.self_attn.q.weight",
      "model.blocks.0.self_attn.prope_o.weight",
      "model.blocks.29.self_attn.prope_o.weight",
      "model.head.head.weight"
    ],
    "sha256": "af73a86322f982cbab0446c6934f6f8dcc9f555f4d0652863baf04f4485a96dd",
    "size": 5959605031,
    "strict_load": true,
    "tensor_count": 885,
    "unexpected_keys": []
  },
  "caption": "A 3D animation featuring Ali, a dedicated university student studying physics, with dreams of becoming a renowned scientist. Ali is depicted as a young adult with a determined look on their face, wearing a lab coat over casual clothes. They are standing in front of a chalkboard filled with complex equations and formulas, surrounded by scientific equipment and books. The background showcases a modern university laboratory with various experiments in progress. Ali is gesturing enthusiastically towards the equations, illustrating a moment of inspiration or discovery. The scene emphasizes Ali’s passion and commitment to their academic pursuits. Medium shot.",
  "evaluation_seed": 20260717,
  "experiment_checkpoint": {
    "checkpoint_version": "full_duplex_fix_checkpoint_v1",
    "global_step": 5000,
    "path": "/root/minwm_checkpoints/40span_data50_gpu0_5000/step_005000.pt",
    "size": 5959577914,
    "strict_load": true
  },
  "ground_truth_latents_used": false,
  "guidance_scale": 3.0,
  "metrics_against_training_sample": {
    "beats_zero_baseline": false,
    "bootstrap_cosine": 0.5565793514251709,
    "bootstrap_mse": 0.29108917713165283,
    "latent_cosine": 0.2911186218261719,
    "latent_mse": 1.0920562744140625,
    "per_state_cosine": [
      0.5565793514251709,
      0.49744075536727905,
      0.4365736246109009,
      0.35809868574142456,
      0.3273380398750305,
      0.30089008808135986,
      0.24153932929039001,
      0.214996799826622,
      0.15914660692214966,
      0.16996189951896667,
      0.1661122441291809,
      0.1826741099357605,
      0.1852455884218216,
      0.18906566500663757,
      0.2131556272506714,
      0.2528582811355591,
      0.3012644350528717,
      0.33276647329330444,
      0.36377257108688354,
      0.37289243936538696
    ],
    "per_state_mse": [
      0.29108917713165283,
      0.6308377981185913,
      0.8359182476997375,
      1.0092203617095947,
      1.0752378702163696,
      1.0993037223815918,
      1.1990251541137695,
      1.2315341234207153,
      1.3216601610183716,
      1.304914116859436,
      1.3138835430145264,
      1.254595398902893,
      1.2481176853179932,
      1.2857519388198853,
      1.2262320518493652,
      1.1831445693969727,
      1.1254843473434448,
      1.0872740745544434,
      1.0672497749328613,
      1.0506511926651
    ],
    "prediction_mean": 0.12219998240470886,
    "prediction_std": 0.9088607430458069,
    "target_mean": 0.09437202662229538,
    "target_std": 0.816062331199646,
    "transition_cosine": 0.2771470248699188,
    "transition_mse": 1.1342123746871948,
    "zero_latent_baseline_mse": 0.6748633980751038
  },
  "negative_prompt_cache": "/workspace/yuhang/minwm/Full_Duplex_Fix/cache/smallest_000000",
  "normal_and_prope_cache_end": 31200,
  "num_states": 20,
  "pose_str": "right-8, a-11",
  "sample_index": 0,
  "sampling_steps": 50,
  "solver": "FlowUniPCMultistepScheduler",
  "source_video": "/workspace/yuhang/minwm/dataset/Data_50/000000_right8a11/gen.mp4",
  "state_seconds": [
    8.734866185113788,
    8.686155091971159,
    8.91209801658988,
    9.132542097941041,
    9.328649796545506,
    9.522406609728932,
    9.733610583469272,
    9.963129391893744,
    10.129820495843887,
    10.354421833530068,
    10.587266858667135,
    10.826067760586739,
    11.03280526958406,
    11.353983895853162,
    11.775151086971164,
    12.077799303457141,
    12.561833148822188,
    12.953769251704216,
    13.370238799601793,
    13.688988568261266
  ],
  "total_seconds": 214.72560404613614
}
