{
  "context_padded_roundtrip": {
    "construction": "prepend duplicate first frame; encode 5; decode 5; discard synthetic first output",
    "contact_sheet": "/mnt/onelab0/sub5-v2u2/cyh_area/data/0data/minWM/dataset/SmallestData/script_test_split/exp/action_00_vae_contact_sheet.png",
    "decoded_full_shape_bcthw": [
      1,
      3,
      5,
      480,
      832
    ],
    "evaluated_reconstruction_shape_bcthw": [
      1,
      3,
      4,
      480,
      832
    ],
    "input_shape_bcthw": [
      1,
      3,
      5,
      480,
      832
    ],
    "latent_shape_bcthw": [
      1,
      16,
      2,
      60,
      104
    ],
    "metrics_all_4_frames": {
      "cosine": 0.9989293217658997,
      "mae_0_1": 0.013841887935996056,
      "mse_0_1": 0.00059989228611812,
      "per_frame_mse_0_1": [
        0.0008353802841156721,
        0.0006132861599326134,
        0.0003736054350156337,
        0.0005772972363047302
      ],
      "per_frame_psnr_db": [
        30.7811577877261,
        32.1233683595284,
        34.275868145079784,
        32.38600521594524
      ],
      "psnr_db": 32.21926722523078
    },
    "side_by_side_video": "/mnt/onelab0/sub5-v2u2/cyh_area/data/0data/minWM/dataset/SmallestData/script_test_split/exp/action_00_original_vs_vae_side_by_side.mp4",
    "video": "/mnt/onelab0/sub5-v2u2/cyh_area/data/0data/minWM/dataset/SmallestData/script_test_split/exp/action_00_vae_roundtrip_4frames.mp4"
  },
  "context_padded_roundtrip_seconds": 0.8639174057170749,
  "direct_roundtrip_seconds": 2.6488695833832026,
  "dtype": "torch.bfloat16",
  "environment": "/home/sub5-v2u2/miniconda3/envs/minwm/bin/python3.10",
  "fps": 24.0,
  "gpu_name": "NVIDIA A800 80GB PCIe",
  "latent_normalization_mean": [
    -0.7571,
    -0.7089,
    -0.9113,
    0.1075,
    -0.1745,
    0.9653,
    -0.1517,
    1.5508,
    0.4134,
    -0.0715,
    0.5517,
    -0.3632,
    -0.1922,
    -0.9497,
    0.2503,
    -0.2921
  ],
  "latent_normalization_std": [
    2.8184,
    1.4541,
    2.3275,
    2.6558,
    1.2196,
    1.7708,
    2.6052,
    2.0743,
    3.2687,
    2.1526,
    2.8652,
    1.5579,
    1.6382,
    1.1253,
    2.8251,
    1.916
  ],
  "literal_direct_roundtrip": {
    "decoded_shape_bcthw": [
      1,
      3,
      1,
      480,
      832
    ],
    "input_shape_bcthw": [
      1,
      3,
      4,
      480,
      832
    ],
    "latent_shape_bcthw": [
      1,
      16,
      1,
      60,
      104
    ],
    "metrics_against_source_frame_0": {
      "cosine": 0.9994836449623108,
      "mae_0_1": 0.00984814390540123,
      "mse_0_1": 0.00025617313804104924,
      "per_frame_mse_0_1": [
        0.00025617313804104924
      ],
      "per_frame_psnr_db": [
        35.91466411719218
      ],
      "psnr_db": 35.91466411719218
    },
    "note": "Wan temporal VAE consumes 1,4,4,... chunks; a literal T=4 call encodes only input frame 0.",
    "video": "/mnt/onelab0/sub5-v2u2/cyh_area/data/0data/minWM/dataset/SmallestData/script_test_split/exp/action_00_vae_direct_1frame.mp4"
  },
  "logical_gpu": 0,
  "peak_cuda_memory_gib": 13.883988857269287,
  "physical_gpu": 5,
  "source": "/mnt/onelab0/sub5-v2u2/cyh_area/data/0data/minWM/dataset/SmallestData/script_test_split/actions/action_00_frames_1_4.mp4",
  "source_shape_thwc": [
    4,
    480,
    832,
    3
  ],
  "vae_checkpoint": "/mnt/onelab0/sub5-v2u2/cyh_area/data/0data/minWM/ckpts/Wan2.1-T2V-1.3B/Wan2.1_VAE.pth",
  "vae_load_seconds": 2.4149081027135253
}
